,User ID,User's Cover Picture,User's Name,User's Handle,Description,Followers,Verified,Likes
0,6748458643983238149,https://p16-sign-va.tiktokcdn.com/tos-maliva-avt-0068/01d747eeb63f0cef2cc05a0099ab74e3~c5_100x100.jpeg?x-expires=1622862000&x-signature=z%2B7lgT7KXG1ZVWdWlVV%2Fmiijz5Y%3D,Bella Poarch,@bellapoarch,BUILD A BITCH MUSIC VIDEO OUT NOWüòà,71400000.0,True,1600000000
1,5831967,https://p16-sign-va.tiktokcdn.com/musically-maliva-obj/0a0242e5f906bf9301f859c568b5ecc4~c5_100x100.jpeg?x-expires=1622862000&x-signature=e4SAi3KVZ5ervw1NyqSc%2BblX%2FSM%3D,charli d‚Äôamelio,@charlidamelio,,116900000.0,True,9400000000
2,6739078402710553605,https://p16-sign-va.tiktokcdn.com/musically-maliva-obj/1658853392415749~c5_100x100.jpeg?x-expires=1622862000&x-signature=XTME3djP0uM9iv3Cm58LizZCBYs%3D,Dr. Daniel Aronov,@dr.danielaronov,See ALL my surgeries on my Instagram! INQUIRIES? üëâ DM me on Instagram,12300000.0,True,214900000
3,6727327145951183878,https://p16-sign-va.tiktokcdn.com/musically-maliva-obj/1646315618666501~c5_100x100.jpeg?x-expires=1622862000&x-signature=qyZGsiPkKiePWBZImvyHH4%2FtgjA%3D,Will Smith,@willsmith,Same kid from West Philly.,54900000.0,True,332500000
4,6703550784929793030,https://p16-sign-va.tiktokcdn.com/tos-maliva-avt-0068/69e3328223da5577e78ce7f33729c2dd~c5_100x100.jpeg?x-expires=1622862000&x-signature=WG%2Fh6Pvu7LckhqWDP1ff0MF6r7Y%3D,addison rae,@addisonre,OBSESSED out on all platforms.,80800000.0,True,5200000000
5,6587535917023182853,https://p16-sign-va.tiktokcdn.com/tos-maliva-avt-0068/22119f863eae7e35852cdf7b41efe20a~c5_100x100.jpeg?x-expires=1622862000&x-signature=9Oj%2BUNmmNbt3aMuYqTKcXaGvpI0%3D,Daniel LaBelle,@daniel.labelle,,19700000.0,True,421600000
6,6669716864531054598,https://p16-sign-va.tiktokcdn.com/tos-maliva-avt-0068/9cb32fc5f2def0dc269a28f3af700861~c5_100x100.jpeg?x-expires=1622862000&x-signature=o1g8M5v73Ixoo3FKwLDGGEo0D%2B0%3D,Brody Wellmaker,@brodywellmaker,"Trying to sneak my way into Hollywood ü§´ 
brodywellmaker@viralnationtalent.com",11800000.0,True,328100000
7,6699542567460389894,https://p16-sign-va.tiktokcdn.com/musically-maliva-obj/1635689550192645~c5_100x100.jpeg?x-expires=1622862000&x-signature=OFsNhxM7LM%2FD%2FZhFRNW5KLZXPxo%3D,Jay Brewer,@jayprehistoricpets,Sub to my YouTube for even more animal fun see you here on TikTok tomorrow ü§óüôå,13400000.0,True,170600000
8,6663294979903422470,https://p16-sign-va.tiktokcdn.com/musically-maliva-obj/1627299377282054~c5_100x100.jpeg?x-expires=1622862000&x-signature=PQYUf2nbK2AGobeiDaSrAJikMOQ%3D,ESPN,@espn,You won‚Äôt regret following! üî•,16400000.0,True,1100000000
9,84635664075374592,https://p16-sign-va.tiktokcdn.com/musically-maliva-obj/1635628995991557~c5_100x100.jpeg?x-expires=1622862000&x-signature=75gGCGxiSraEDfo9Cn0XwKbqEN0%3D,lizzo,@lizzo,100% that bitch,16000000.0,True,493400000
10,6654362767867265030,https://p16-sign-va.tiktokcdn.com/tos-maliva-avt-0068/9291601308707957042cdedd2b77a85e~c5_100x100.jpeg?x-expires=1622862000&x-signature=IqCMFzgNLmWhMA%2BtOspJES2aNAs%3D,Kylie Jenner ,@kyliejenner,The official account of Kylie Jenner,32100000.0,True,369400000
11,7239462,https://p16-sign-va.tiktokcdn.com/tos-maliva-avt-0068/5cfe0c2045df1c1cee0aec9a96cf0cce~c5_100x100.jpeg?x-expires=1622862000&x-signature=bz2DbhFoTT7miVyfHT0XVCvzG2k%3D,Malu Trevejo,@malutrevejo,"18üíú‚ôéÔ∏è üá®üá∫ üá™üá∏ 
I‚Äôm back :) ü¶ã",17400000.0,True,439200000
12,6904838098921440262,https://p16-sign-va.tiktokcdn.com/tos-maliva-avt-0068/aed02abd1690b964d48b79606e83526f~c5_100x100.jpeg?x-expires=1622862000&x-signature=mtm%2Fj1nsNQMcF%2F2CFCO1mOB7V8A%3D,northeasterner,@northeasterner,Follow me to watch more food video,5300000.0,False,77400000
13,6718992235998741510,https://p16-sign-va.tiktokcdn.com/tos-maliva-avt-0068/9f690bf4667da280a63887c172fe4cf2~c5_100x100.jpeg?x-expires=1622862000&x-signature=gpwptIA8UG0v2rObCBUcsKJZoy8%3D,Scott üî•,@scottsreality,"Donating to new IG followers!üí∞ 
üìß Scott@grail-talent.com",24200000.0,True,443100000
14,6813630187164533765,https://p16-sign-va.tiktokcdn.com/musically-maliva-obj/70fa2312fcd2c8b0026a08720321059b~c5_100x100.jpeg?x-expires=1622862000&x-signature=LcJsCNMhBDrdtdbj%2FOxoGbXhd2k%3D,siennamae,@siennamae,"I‚Äôll be famous one day
ceo of üêøüí®",14600000.0,True,892500000
15,6625714545389142022,https://p16-sign-va.tiktokcdn.com/tos-maliva-avt-0068/5f67f75eb7315f5fc8096a8702cd21de~c5_100x100.jpeg?x-expires=1622862000&x-signature=j7IqfD1KxRNLguxtAgEk1%2B1ymUA%3D,Overtime,@overtime,"Best page in the galaxy üí´
Thanks for being my friends ü§û
New ep with IGNITE ‚¨áÔ∏è",16800000.0,True,1200000000
16,6544081646253342726,https://p16-sign-sg.tiktokcdn.com/aweme/100x100/tos-alisg-avt-0068/d24dd4b549b196d8f12a1c1c719b61dd.jpeg?x-expires=1622862000&x-signature=RuwyI6WZ%2F1Oy8WBF%2BvYuSWjaxCA%3D,Ri,@riwww,"I‚Äôm Renata. 18
thx 6m 
insta: @ri.www
Ri.collab@inbox.ru",6900000.0,False,182800000
17,6757817457937499141,https://p16-sign-va.tiktokcdn.com/musically-maliva-obj/ac22fcdc4466dd6e68d1e915274feb49~c5_100x100.jpeg?x-expires=1622862000&x-signature=8I%2BAsF4FwTYKK7aT6HlUCyve66Y%3D,Tooturnttony,@tooturnttony,"DM me on Connected2me! 
Download here üëá",8700000.0,True,329600000
18,6732675975610074118,https://p16-sign-va.tiktokcdn.com/tos-maliva-avt-0068/81dd03ab48e571529193c93e79d59201~c5_100x100.jpeg?x-expires=1622862000&x-signature=aR8n1zA4D2VkPgBaGH9UsO%2FtkFE%3D,Brooke Monk,@brookemonk_,"‚ù§Ô∏èJesus forever‚ù§Ô∏è
 18
I‚Äôm not funny 
New YouTube Video!
MERCH",15400000.0,True,1100000000
19,6767527973299536901,https://p16-sign-va.tiktokcdn.com/tos-maliva-avt-0068/b95495d7b27617c84bb2b8d0e1fce06a~c5_100x100.jpeg?x-expires=1622862000&x-signature=LYH5PJtNPrkCdFjkG%2Bv%2B8UU3ZB8%3D,AbbieHerbert,@abbieherbert_,"Mom, Wife, & Model
The Herbert‚Äôs YouTube ‚¨áÔ∏è
Abbie@talentxent.com",8700000.0,True,641200000
20,6781939622308037638,https://p16-sign-va.tiktokcdn.com/musically-maliva-obj/1656050533388294~c5_100x100.jpeg?x-expires=1622862000&x-signature=Uv7WjHr8vel167k6Y6w0htv%2BP%2FY%3D,Jack Black,@jackblack,,10200000.0,True,62300000
21,1180651,https://p16-sign-va.tiktokcdn.com/tos-maliva-avt-0068/cd7692055928d6532aa87dd28d26d401~c5_100x100.jpeg?x-expires=1622862000&x-signature=ByjrKDVhM1Ns9wtCfg6D5hAlaao%3D,bretmanrock,@bretmanrock,legend,11400000.0,True,216300000
22,6763517179218330630,https://p16-sign-va.tiktokcdn.com/tos-maliva-avt-0068/255ba841bacb92052229fc3aeafde015~c5_100x100.jpeg?x-expires=1622862000&x-signature=DYMmDzMZCaatIOiK7Ab%2FcHjskU4%3D,otakoyakisoba,@otakoyakisoba,"Olly & Mama LuLu
Your favorite Mother & Son duo.
‚¨áÔ∏èSOCIAL AND MERCH LINKS",9200000.0,True,392800000
23,6695492574909613061,https://p16-sign-va.tiktokcdn.com/tos-maliva-avt-0068/47a374dc79717cc3f01a46f177597a27~c5_100x100.jpeg?x-expires=1622862000&x-signature=VdReT0r2vPfOl3XedADwHiqHf88%3D,choctiv,@choctiv,"INSTA: @choctiv üòà
LIL EINSTEIN OUT NOW ! üöÄüí´
LINK TO SONG ‚¨áÔ∏è",4500000.0,True,80400000
24,6780564068844880902,https://p16-sign-va.tiktokcdn.com/musically-maliva-obj/626784dddbff91e8db9e179949622a53~c5_100x100.jpeg?x-expires=1622862000&x-signature=t5QLJ5GJvUkkXLGibKyl%2F%2BiHRlg%3D,Mia Khalifa,@miakhalifa,Immigrant üá±üáß Not Malala. Inquiries@Myotis.co,23100000.0,True,288400000
25,6658722935124328453,https://p16-sign-va.tiktokcdn.com/tos-maliva-avt-0068/5932123c1d913207622a9cd9bf89bacb~c5_100x100.jpeg?x-expires=1622862000&x-signature=n8kO%2FWoydqNcu1Pzep4kyfQAKHg%3D,lil nas x,@lilnasx,‚ÄúMONTERO (CALL ME BY YOUR NAME)‚Äù & ‚ÄúSUN GOES DOWN‚Äù OUT NOW! ü§ç,16600000.0,True,543900000
26,6746417382892176389,https://p16-sign-va.tiktokcdn.com/tos-maliva-avt-0068/681c4a1d1742a6700d88f0ca5123955e~c5_100x100.jpeg?x-expires=1622862000&x-signature=HxBbtlCzYO0ztpW8KIC%2FIY%2Bqg7s%3D,KEEMOKAZI,@keemokazi,"Following back on IG for the next 24 hours ‚ÜñÔ∏èüî•
‚ÄúWAKE EM UP‚Äù OUT NOW ‚¨áÔ∏è‚è∞",18300000.0,True,753800000
27,6646764999833403398,https://p16-sign-va.tiktokcdn.com/musically-maliva-obj/1622757102140422~c5_100x100.jpeg?x-expires=1622862000&x-signature=OeG9Xj5b%2BhizbNRTGTcxuyd1t%2Fg%3D,Barstool Sports,@barstoolsports,"üó£ Viva La Stool

Going viral is a sport",13600000.0,True,847000000
28,6957597538883142661,https://p16-sign-va.tiktokcdn.com/tos-maliva-avt-0068/150631fa8a769746d8fdeb8494ccf786~c5_100x100.jpeg?x-expires=1622862000&x-signature=lC%2BfuTpAfeWzF7jd8SJj17%2BZEs8%3D,LIGHTS ARE OFF,@lights.are.off,"LIGHTS ARE OFF
I bring nightmares to life everynight üíÄ
3D Animator",4900000.0,False,50400000
